,title,country,documentLink,year,category,documentType,actors
0,Guidance on the AI auditing framework,United Kingdom,https://ico.org.uk/media/about-the-ico/consultations/2617219/guidance-on-the-ai-auditing-framework-draft-for-consultation.pdf,2020,Data protection,Guidance,Information Commissioner's Office
1,Artificial Intelligence Profiling Act (HB2644),USA,http://lawfilesext.leg.wa.gov/biennium/2019-20/Pdf/Bills/House%20Bills/2644.pdf?q=20200124083150,2020,Profiling,Bill,Washington State Legislature
2,Norwegian National Strategy for Artificial Intelligence,Norway,https://www.regjeringen.no/contentassets/1febbbb2c4fd4b7d92c67ddd353b6ae8/en-gb/pdfs/ki-strategi_en.pdf,2020,AI in general,Strategy,Norwegian Ministry of Local Government and Modernisation
3,Strategy for the Development of Artificial Intelligence in the Republic of Serbia for the period 2020-2025,Serbia,https://www.media.srbija.gov.rs/medsrp/dokumenti/strategy_artificial_intelligence.pdf,2020,AI in general,Strategy,Government of Serbia
4,With Great Tech Comes Great Responsibility,Global,https://foundation.mozilla.org/en/initiatives/great-tech-great-responsibility/,2020,AI in general,Guidelines,Mozilla Foundation
5,Federal Data Strategy 2020 Action Plan,USA,https://strategy.data.gov/action-plan/,2019,Data Governance,Action plan,US Office of Management and Budget
6,Structure for the White Paper on AI - A European Approached [leaked],European Union,https://www.euractiv.com/wp-content/uploads/sites/2/2020/01/AI-white-paper-EURACTIV.pdf,2019,AI in general,White paper,European Commission
7,Reporting on automated decision systems used by city agencies.,USA,https://legistar.council.nyc.gov/LegislationDetail.aspx?ID=4265421&GUID=FBA29B34-9266-4B52-B438-A772D81B1CB5&Options=&Search=,2019,Automated Decision Systems,Local law,New York City Council
8,Recommendations for an AI Strategy in Switzerland,Switzerland,https://www.satw.ch/fileadmin/user_upload/documents/02_Themen/08_Kuenstliche-Intelligenz/SATW-Swiss_AI_Strategy.pdf,2019,AI in general,White paper,Swiss Academy of Engineering Sciences
9,2016-2019 Progress Report: Advancing Artificial Intelligence R&D,USA,https://www.whitehouse.gov/wp-content/uploads/2019/11/AI-Research-and-Development-Progress-Report-2016-2019.pdf,2019,AI in general,Report,"US National Science and Technology Council, US  Office of Science and Technology Policy, Select Committee on Artificial Intelligence, Subcommittee on Machine Learning and Artificial Intelligence, Subcommittee on Networking & Information Technology Research & Development, Artificial Intelligence Research & Development Interagency Working Group, "
10,Artificial Intelligence Strategy of the Valencian Community,Spain,http://www.presidencia.gva.es/documents/80279719/169117420/Dossier_en.pdf/c943f4aa-2822-4c5e-a3db-63a45cca5bf5,2019,AI in general,Strategy,Generalitat Valenciana
11,Facial recognition technology: fundamental rights considerations in the context of law enforcement,European Union,https://fra.europa.eu/sites/default/files/fra_uploads/fra-2019-facial-recognition-technology-focus-paper-1_en.pdf,2019,Facial recognition,Report,European Union Agency for Fundamental Rights (FRA)
12,New York City Automated Decision Systems Task Force Report,USA,https://www1.nyc.gov/assets/adstaskforce/downloads/pdf/ADS-Report-11192019.pdf,2019,Automated Decision Systems,Report,New York City Automated Decision Systems Task Force
13,Privacy 2030 - A New Vision for Europe,European Union,https://iapp.org/media/pdf/resource_center/giovanni_manifesto.pdf,2019,Data protection,Report,International Association of Privacy Professionals
14,Hungarian AI Action Plan,Hungary,https://www.lexology.com/library/detail.aspx?g=d0882959-b5ee-46d6-95bf-13d5df70f269,2019,AI in general,Action plan,Ministry for Innovation and Technology
15,Draft Guidelines for AI procurement,United Kingdom,https://www.gov.uk/government/publications/draft-guidelines-for-ai-procurement,2019,AI in Government,Guidelines,UK Office for Artificial Intelligence
16,Lithuanian Artificial Intelligence Strategy,Lithuania,http://kurklt.lt/wp-content/uploads/2018/09/StrategyIndesignpdf.pdf,2019,AI in general,Strategy,Ministry of Economy of the Republic of Lithuania
17,A Framework for Developing a National Artificial Intelligence Strategy,Global,http://www3.weforum.org/docs/WEF_National_AI_Strategy.pdf,2019,AI in general,White paper,World Economic Forum
18,Spanish RDI Strategy in AI,Spain,http://www.ciencia.gob.es/stfls/MICINN/Ciencia/Ficheros/Estrategia_Inteligencia_Artificial_EN.PDF,2019,AI in general,Strategy,"Ministry of Science, Innovation and Universities"
19,Deepfake Report Act of 2019 (S.2065),USA,https://www.congress.gov/bill/116th-congress/senate-bill/2065,2019,Deep fakes,Bill,US Congress
20,Draft Italian National AI Strategy,Italy,https://www.mise.gov.it/images/stories/documenti/Strategia-Nazionale-Intelligenza-Artificiale-Bozza-Consultazione.pdf,2019,AI in general,Strategy,Italian Ministry of the Economic Development
21,Estonia's National AI Strategy 2019-20201,Estonia,https://www.kratid.ee/in-english,2019,AI in general,Strategy,"Estonian Ministry of Economic Affairs and Communications, Estonian Government Office, "
22,Leading the way into the era of artificial intelligence,Finland,http://julkaisut.valtioneuvosto.fi/bitstream/handle/10024/161688/41_19_Leading%20the%20way%20into%20the%20age%20of%20artificial%20intelligence.pdf?sequence=4&isAllowed=y,2019,AI in general,Strategy,Ministry of Economic Affairs and Employment of Finland
23,A guide to using artificial intelligence in the public sector,United Kingdom,https://www.gov.uk/government/collections/a-guide-to-using-artificial-intelligence-in-the-public-sector,2019,AI in Government,Guidelines,UK Office for Artificial Intelligence
24,G20 Ministerial Statement on Trade and Digital Economy,"Australia, Canada, Saudi Arabia, USA, India, Russia, South Africa, Turkey, Argentina, Brazil, Mexico, France, Germany, Italy, United Kingdom, China, Indonesia, Japan, South Korea, ",https://www.mofa.go.jp/files/000486596.pdf,2019,AI in general,Principles,G20
25,AI Portugal 2030,Portugal,https://www.incode2030.gov.pt/sites/default/files/incode_aiportugal2030_june19.pdf,2019,AI in general,Strategy,Portuguese Foundation for Science and Technology
26,Data quality and artificial intelligence - mitigating bias and error to protect fundamental rights,European Union,https://fra.europa.eu/sites/default/files/fra_uploads/fra-2019-data-quality-and-ai_en.pdf,2019,Model and data management,Report,European Union Agency for Fundamental Rights (FRA)
27,Federal Data Strategy,USA,https://strategy.data.gov/overview/,2019,Data Governance,Strategy,US Office of Management and Budget
28,The National Artificial Intelligence Research And Development Strategic Plan: 2019 Update,USA,https://www.whitehouse.gov/wp-content/uploads/2019/06/National-AI-Research-and-Development-Strategic-Plan-2019-Update-June-2019.pdf,2019,AI in general,"Strategy, Report",Select Committee On Artificial Intelligence Of The National Science & Technology Council
29,#BigData: Discrimination in data-supported decision making,European Union,https://fra.europa.eu/sites/default/files/fra_uploads/fra-2018-focus-big-data_en.pdf,2019,Model and data management,Report,European Union Agency for Fundamental Rights (FRA)
30,Artificial Intelligence: a strategic vision for Luxembourg,Luxembourg,https://digital-luxembourg.public.lu/sites/default/files/2019-05/AI_EN_1.pdf,2019,AI in general,Strategy,The Government of the Grand Duchy of Luxembourg
31,Government AI Readiness Index 2019,Global,https://ai4d.ai/wp-content/uploads/2019/05/ai-gov-readiness-report_v08.pdf,2019,AI in general,Report,Oxford Insights
32,Algorithmic Accountability Act of 2019 (HR2231),USA,https://www.wyden.senate.gov/imo/media/doc/Algorithmic%20Accountability%20Act%20of%202019%20Bill%20Text.pdf,2019,Automated Decision Systems,Bill,US Congress
33,AI 4 Belgium,Belgium,https://www.ai4belgium.be/wp-content/uploads/2019/04/report_en.pdf,2019,AI in general,Strategy,AI4Belgium Coalition
34,Social Principles of Human-Centric AI,Japan,https://www8.cao.go.jp/cstp/english/humancentricai.pdf,2019,AI in general,Strategy,Council for Social Principles of Human-centric AI
35,Danish National Strategy for AI,Denmark,https://eng.em.dk/media/13081/305755-gb-version_4k.pdf,2019,AI in general,Strategy,Danish Government
36,Malta - Towards an AI Strategy - High-level policy document for public consultation,Malta,https://malta.ai/wp-content/uploads/2019/04/Draft_Policy_document_-_online_version.pdf,2019,AI in general,Strategy,"Malta.AI Taskforce, Parliamentary Secretary for Financial Services, Digital Economy and Innovation - Malta"
37,Elections: deceptive audio or visual media (AB-730),USA,https://leginfo.legislature.ca.gov/faces/billTextClient.xhtml?bill_id=201920200AB730,2019,Deep fakes,Bill,California State Legislature
38,Artificial Intelligence Video Interview Act (HB2557),USA,http://www.ilga.gov/legislation/BillStatus.asp?DocNum=2557&GAID=15&DocTypeID=HB&SessionID=108&GA=101,2019,Video analysis,State legislation,Illinois General Assembly
39,Executive Order on Maintaining American Leadership in Artificial Intelligence,USA,https://www.whitehouse.gov/presidential-actions/executive-order-maintaining-american-leadership-artificial-intelligence/,2019,AI in general,Policy,The White House
40,Directive on the Use of Machine Learning for Decision-Making,Canada,Draft Directive,2019,Automated Decision Systems,Directive,Government of Canada
41,Introduction to artificial intelligence in government,United Kingdom,https://www.gov.uk/guidance/introduction-to-artificial-intelligence-in-government,2019,AI in Government,Education,"UK Digital, Data and Technology Profession"
42,Automating Society,European Union,https://algorithmwatch.org/en/automating-society/,2019,Automated Decision Systems,Report,AlgorithmWatch
43,"Establishing guidelines for government procurement and use of automated decision systems in order to protect consumers, improve transparency, and create more market predictability (HB1655; SB5527)",USA,https://legiscan.com/WA/drafts/HB1655/2019,2019,Automated Decision Systems,Bill,Washington State Legislature
44,Guidelines on AI and Data Protection,European Union,https://rm.coe.int/guidelines-on-artificial-intelligence-and-data-protection/168091f9d8,2019,Data protection,Guidelines,Council of Europe
45,A Proposed Model AI Governance Framework,Singapore,https://www.pdpc.gov.sg/-/media/Files/PDPC/PDF-Files/Resource-for-Organisation/AI/A-Proposed-Model-AI-Governance-Framework-January-2019.pdf,2019,AI in general,Proposal,Personal Data Protection Commission
46,Perspectives on Issues in AI Governance,Global,https://ai.google/static/documents/perspectives-on-issues-in-ai-governance.pdf,2019,AI in general,White paper,Google
47,Opinion of the German Data Ethics Commission,Germany,https://www.bmjv.de/SharedDocs/Downloads/DE/Themen/Fokusthemen/Gutachten_DEK_EN.pdf?__blob=publicationFile&v=1,2019,Data Governance,Report,German Data Ethics Commission
48,AI Principles and Ethics,United Arab Emirates,https://www.smartdubai.ae/initiatives/ai-principles-ethics,2019,AI in general,Ethics guidelines,Smart Dubai
49,Driverless Futures,United Kingdom,https://driverless-futures.com/,2019,Autonomous mobility,Research,UK Economic and Social Research Council
50,Analysis of the Development Potential of Artificial Intelligence in the Czech Republic,Czechia,https://www.vlada.cz/assets/evropske-zalezitosti/aktualne/AI-Summary-Report.pdf,2018,AI in general,Report,Office of the Government of the Czech Republic
51,Action Plan Against Disinformation,European Union,https://ec.europa.eu/commission/sites/beta-political/files/eu-communication-disinformation-euco-05122018_en.pdf,2018,Disinformation,Action plan,European Commission
52,Applying AI for Social Good,Global,https://www.mckinsey.com/~/media/mckinsey/featured%20insights/artificial%20intelligence/applying%20artificial%20intelligence%20for%20social%20good/mgi-applying-ai-for-social-good-discussion-paper-dec-2018.ashx,2018,AI in general,Report,McKinsey
53,Artificial Intelligence - A European Perspective,European Union,https://ec.europa.eu/jrc/en/publication/eur-scientific-and-technical-research-reports/artificial-intelligence-european-perspective,2018,AI in general,Research,European Commission - Joint Research Centre
54,Artificial intelligence across industries,Global,https://basecamp.iec.ch/download/iec-white-paper-artificial-intelligence-across-industries-en/,2018,AI in general,White paper,International Electrotechnical Commission
55,Coordinated Plan on Artificial Intelligence,European Union,https://ec.europa.eu/digital-single-market/en/news/coordinated-plan-artificial-intelligence,2018,AI in general,Strategy,European Commission
56,Draft Ethics Guidelines for Trustworthy AI,European Union,https://ec.europa.eu/newsroom/dae/document.cfm?doc_id=56433,2018,AI in general,Ethics guidelines,High-Level Expert Group on Artificial Intelligence
57,European Ethical Charter on the Use of Artificial Intelligence in Judicial Systems and their environment,European Union,https://rm.coe.int/ethical-charter-en-for-publication-4-december-2018/16808f699c,2018,Justice system,Ethics guidelines,Council of Europe - CEPEJ
58,Safe Face Pledge,Global,https://www.safefacepledge.org/,2018,Facial recognition,Self-regulation,Algorithmic Justice League
59,Artificial Intelligence Mission Austria 2030 (AIM AT 2030),Austria,https://www.bmvit.gv.at/innovation/publikationen/ikt/downloads/aimat_ua.pdf,2018,AI in general,Strategy,"Austrian Federal Ministry of Transportation, Innovation and Technology, Austrian Federal Ministry of Digital and Economic Affairs"
60,Austrian Action Programme on Automated Mobility 2019-2022,Austria,https://www.bmvit.gv.at/en/service/publications/downloads/action_automated_mobility_2019-2022_ua.pdf,2018,Autonomous mobility,Action programme,"Ministry for Transport, Innovation and Technology"
61,Center for Data Ethics and Innovation,United Kingdom,https://www.gov.uk/government/groups/centre-for-data-ethics-and-innovation-cdei,2018,AI in general,Advisory body,"UK Department for Digital, Culture, Media & Sport, UK Department for Business, Energy & Industrial Strategy"
62,Comprehensive European industrial policy on AI and robotics,European Union,http://www.europarl.europa.eu/sides/getDoc.do?pubRef=-//EP//NONSGML+COMPARL+PE-630.525+01+DOC+PDF+V0//EN&language=EN,2018,AI in general,Report,"European Parliament Committee on Industry, Research and Energy"
63,Data Trust pilots,United Kingdom,https://theodi.org/article/uks-first-data-trust-pilots-to-be-led-by-the-odi-in-partnership-with-central-and-local-government/,2018,Model and data management,Pilot,Open Data Institute
64,Deutsche Telekom AI Guidelines,Global,https://www.telekom.com/en/company/digital-responsibility/details/artificial-intelligence-ai-guideline-524366,2018,AI in general,Self-regulation,Deutsche Telekom
65,Ethics in Autonomous and Artificial Intelligence Applications,Global,"https://www.iec.ch/dyn/www/f?p=103:186:5696200230312::::FSP_ORG_ID,FSP_LANG_ID:22827,",2018,AI in general,Standardisation,International Electrotechnical Commission
66,Guidelines on AI and Machine Learning,European Union,https://www.epo.org/law-practice/legal-texts/html/guidelines2018/e/g_ii_3_3_1.htm,2018,AI in general,Guidelines,European Patent Office
67,Guiding Principles for Ethical AI,Global,https://blogs.unity3d.com/2018/11/28/introducing-unitys-guiding-principles-for-ethical-ai/,2018,AI in general,Self-regulation,Unity3d
68,Industry 4WRD - National Policy on Industry 4.0,Malaysia,http://www.miti.gov.my/miti/resources/National%20Policy%20on%20Industry%204.0/Industry4WRD_Final.pdf,2018,AI in general,Strategy,Ministry of International Trade and Industry
69,Mapping Regulatory Proposals For Artificial Intelligence In Europe,European Union,https://www.accessnow.org/cms/assets/uploads/2018/11/mapping_regulatory_proposals_for_AI_in_EU.pdf,2018,AI in general,Report,Access Now
70,Microsoft AI Principles,Global,https://www.microsoft.com/en-us/ai/our-approach-to-ai,2018,AI in general,Self-regulation,Microsoft
71,Montreal Declaration on Responsible AI,Global,https://www.montrealdeclaration-responsibleai.com/the-declaration,2018,AI in general,Declaration,University of Montreal
72,Nondisclosed-by-default policy,USA,https://intelligence.org/2018/11/22/2018-update-our-new-research-directions/,2018,AI in general,Self-regulation,Machine Intelligence Research Institute
73,Positively Shaping the Future of Austria with Robotics and AI,Austria,https://www.acrai.at/images/download/ACRAI_whitebook_online_2018.pdf,2018,AI in general,White paper,Austrian Council on Robotics and AI
74,"Principles to Promote Fairness, Ethics, Accountability and Transparency in the Use of AI and Data Analytics in Singapore’s Financial Sector",Singapore,http://www.mas.gov.sg/~/media/MAS/News%20and%20Publications/Monographs%20and%20Information%20Papers/FEAT%20Principles%20Final.pdf,2018,Finance,Ethics guidelines,Monetary Authority of Singapore
75,The National AI Strategy of the Federal Government of Germany,Germany,https://www.ki-strategie-deutschland.de/home.html,2018,AI in general,Strategy,Federal Government of Germany
76,Protocol amending the Convention for the Protection of Individuals with regard to Automatic Processing of Personal Data,European Union,https://www.coe.int/en/web/conventions/full-list/-/conventions/rms/09000016808ac918,2018,Data protection,Treaty,Council of Europe
77,AI4People Ethical Framework for a Good AI Society,European Union,http://www.eismd.eu/wp-content/uploads/2018/11/Ethical-Framework-for-a-good-AI-Society.pdf,2018,AI in general,Ethics guidelines,Atomium
78,Coalition on Artificial Intelligence,Hungary,https://digitalisjoletprogram.hu/hu/tartalom/mesterseges-intelligencia-koalicio,2018,AI in general,"Network, Strategy",Ministry for Innovation and Technology
79,Ethical Accountability Framework,Hong Kong,https://www.pcpd.org.hk/misc/files/Ethical_Accountability_Framework.pdf,2018,Model and data management,Report,Privacy Commissioner for Personal Data
80,Governing AI - Upholding Human Rights and Dignity,Global,https://datasociety.net/wp-content/uploads/2018/10/DataSociety_Governing_Artificial_Intelligence_Upholding_Human_Rights.pdf,2018,AI in general,Report,Data & Society
81,Preparing for the Future of Transportation Automated Vehicles 3.0,USA,https://www.transportation.gov/sites/dot.gov/files/docs/policy-initiatives/automated-vehicles/320711/preparing-future-transportation-automated-vehicle-30.pdf,2018,Autonomous mobility,Regulation,US Department of Transport
82,Regulator's Pioneer Fund,United Kingdom,https://www.gov.uk/government/news/projects-lay-the-groundwork-for-a-future-of-robolawyers-and-flying-cars,2018,AI in general,Pilot,"Department for Business, Energy & Industrial Strategy"
83,Telefonica AI Ethics Guidelines,Global,https://www.telefonica.com/documents/737979/143948154/infografia-ia-eng.pdf/c203ade4-caf5-8664-c065-c5cc66cacca2?version=1.0,2018,AI in general,Ethics guidelines,Telefonica
84,Universal Guidelines for Artificial Intelligence,Global,https://thepublicvoice.org/ai-universal-guidelines/,2018,AI in general,Guidelines,"The Public Voice, Electronic Privacy Information Centre"
85,Artificial Intelligence in the Governance Sector in India,India,https://cis-india.org/internet-governance/ai-and-governance-case-study-pdf,2018,AI in Government,Report,The Centre for Internet and Society
86,Resolution on autonomous weapon systems,European Union,http://www.europarl.europa.eu/sides/getDoc.do?pubRef=-//EP//TEXT+TA+P8-TA-2018-0341+0+DOC+XML+V0//EN&language=EN,2018,Lethal autonomous weapon systems,Resolution,European Parliament
87,ACR-215 23 Asilomar AI Principles,USA,http://leginfo.legislature.ca.gov/faces/billTextClient.xhtml?bill_id=201720180ACR215,2018,AI in general,Resolution,California State Senate
88,AI Ethics Challenge,Finland,https://www.tekoalyaika.fi/en/background/ethics/,2018,AI in general,Self-regulation,AI Finland @ Ministry of Economic Affairs and Employment of Finland
89,AI in Government Act,USA,https://www.congress.gov/bill/115th-congress/senate-bill/3502,2018,Public services,Bill,US Senate
90,AI Next Campaign,USA,https://www.darpa.mil/work-with-us/ai-next-campaign,2018,AI in general,Research,DARPA
91,AI Policy Observatory,OECD,http://www.oecd.org/going-digital/ai/about-the-oecd-ai-policy-observatory.pdf,2018,AI in general,Observatory,OECD
92,Algorithms and AI in Latin America,"Argentina, Uruguay",http://webfoundation.org/docs/2018/09/WF_AI-in-LA_Report_Screen_AW.pdf,2018,Public services,White paper,World Wide Web Foundation
93,Artificial Intelligence Procurement Policy,United Kingdom,https://www.weforum.org/press/2018/09/united-kingdom-partners-with-world-economic-forum-to-develop-first-artificial-intelligence-procurement-policy/,2018,Public services,Partnership,"World Economic Forum, UK Government"
94,BOT: Disclosure Act (SB-1001),USA,https://leginfo.legislature.ca.gov/faces/billTextClient.xhtml?bill_id=201720180SB1001,2018,Bots,State legislation,California State Legislature
95,Bots at the Gate - Human Rights and ADS,Canada,https://citizenlab.ca/wp-content/uploads/2018/09/IHRP-Automated-Systems-Report-Web-V2.pdf,2018,Automated Decision Systems,Report,University of Toronto
96,Bots: disclosure Act (SB-1001),USA,https://leginfo.legislature.ca.gov/faces/billTextClient.xhtml?bill_id=201720180SB1001,2018,Bots,,California State Legislature
97,Essential H&S requirements for industrial machines equipped with machine learning,Netherlands,http://publications.tno.nl/publication/34627075/1L54hT/TNO-2018-R10499Engels.pdf,2018,Robotics,Report,Netherlands Organisation for Applied Scientific Research (TNO)
98,Expert Group on AI in Society,OECD,http://www.oecd.org/going-digital/ai/oecd-creates-expert-group-to-foster-trust-in-artificial-intelligence.htm,2018,AI in general,Working group,OECD
99,FRR Certificate,Global,https://responsiblerobotics.org/can-ai-survive-without-public-trust/,2018,Robotics,"Self-regulation, Standardisation",Foundation for Responsible Robotics
100,Guiding Principles for Artificial Intelligence,Global,https://news.sap.com/2018/09/sap-guiding-principles-for-artificial-intelligence/,2018,AI in general,Self-regulation,SAP
101,Initial code of conduct for data-driven health and care technology,United Kingdom,https://www.gov.uk/government/publications/code-of-conduct-for-data-driven-health-and-care-technology/initial-code-of-conduct-for-data-driven-health-and-care-technology,2018,Health,Guidelines,UK Department of Health and Social Care
102,Personal Data Protection Bill,India,http://meity.gov.in/data-protection-framework,2018,Data protection,Proposed law,Ministry of Electronics & Information Technology
103,Position paper on AI and standards,Germany,https://www.din.de/blob/306690/74b9d17abcab164b65aff765587a2ace/position-paper-artificial-intelligence-english--data.pdf,2018,AI in general,Standardisation,German Institute for Standardization (DIN)
104,Sony Group AI Ethics Guidelines,Global,https://www.sony.net/SonyInfo/csr_report/humanrights/hkrfmg0000007rtj-att/AI_Engagement_within_Sony_Group.pdf,2018,AI in general,Self-regulation,Sony
105,United Nations Activities on Artificial Intelligence,Global,https://www.itu.int/dms_pub/itu-s/opb/gen/S-GEN-UNACT-2018-1-PDF-E.pdf,2018,AI in general,,United Nations
106,Pretrial release or detention: pretrial services (SB-10),USA,https://leginfo.legislature.ca.gov/faces/billTextClient.xhtml?bill_id=201720180SB10,2018,Justice system,State legislation,California State Legislature
107,Draft AI Utilisation Principles,Japan,http://www.soumu.go.jp/main_content/000581310.pdf,2018,AI in general,Guidelines,Ministry of Internal Affairs and Communications
108,ITU Focus Group on AI for Health,Global,https://www.itu.int/en/ITU-T/focusgroups/ai4h/Pages/default.aspx,2018,Health,Working group,"International Telecommunications Union, Wolrd Health Organization"
109,Lethal Autonomous Weapons Pledge,Global,https://futureoflife.org/lethal-autonomous-weapons-pledge/,2018,Lethal autonomous weapon systems,Self-regulation,Future of Life Institute
110,Open Community for Ethics in Autonomous and Intelligent Systems (OCEANIS),Global,https://ethicsstandards.org/,2018,AI in general,Standardisation,"IEEE, Afirca Organisation for Standardisation, Austrian Electrotechnical Association, Austrian Standards, Bureau of Indian Standards, British Standards Institution, China Electronics Standardization Institute, CIO Strategy Council, German Commission for Electrical, Electronic & Information Technologies, International Electrotechnical Commission, Ecuadorian Service for Standardization, Japanese Standards Association, National Standards Authority of Ireland, Turkish Standards Institution"
111,International Panel on Artificial Intelligence,"France, Canada",https://pm.gc.ca/eng/news/2018/12/06/mandate-international-panel-artificial-intelligence,2018,AI in general,"Partnership, International agreement","Government of Canada, Government of France"
112,A Practical Guide to Managing Risk in Machine Learning Models,Global,https://fpf.org/wp-content/uploads/2018/06/Beyond-Explainability.pdf,2018,Model and data management,White paper,"Future of Privacy Forum, Immuta, "
113,AB-375 Privacy: personal information: businesses,USA,,2018,Data protection,Proposed law,California State Legislature
114,Advisory Council on the Ethical Use of AI and Data,Singapore,https://www.imda.gov.sg/about/newsroom/media-releases/2018/composition-of-the-advisory-council-on-the-ethical-use-of-ai-and-data,2018,AI in general,Advisory body,Infocomm Media Development Authority
115,California Consumer Privacy Act (AB-375),USA,https://leginfo.legislature.ca.gov/faces/billNavClient.xhtml?bill_id=201720180AB375,2018,Data protection,State legislation,California State Legislature
116,California Consumer Privacy Act (Assembly Bill No. 375),USA,https://leginfo.legislature.ca.gov/faces/billNavClient.xhtml?bill_id=201720180AB375,2018,Data protection,Proposed law,California State Legislature
117,Charlevoix Common Vision for the Future of AI,"Canada, France, Germany, Italy, Japan, United Kingdom, USA",https://g7.gc.ca/wp-content/uploads/2018/06/FutureArtificialIntelligence.pdf,2018,AI in general,Declaration,G7
118,Data Ethics Framework,United Kingdom,https://assets.publishing.service.gov.uk/government/uploads/system/uploads/attachment_data/file/737137/Data_Ethics_Framework.pdf,2018,Data governance,Ethics guidelines,"Department for Digital, Culture, Media & Sport"
119,Discussion Paper On AI and Personal Data,Singapore,https://www.pdpc.gov.sg/-/media/Files/PDPC/PDF-Files/Resource-for-Organisation/AI/Discussion-Paper-on-AI-and-PD---050618.pdf,2018,AI in general,Report,Personal Data Protection Commission
120,European AI Alliance,European Union,https://ec.europa.eu/digital-single-market/en/european-ai-alliance,2018,AI in general,Network,European Commission
121,Government Office for AI,United Kingdom,https://www.gov.uk/government/organisations/office-for-artificial-intelligence,2018,AI in general,Government body,UK Government
122,High-Level Expert Group on AI,European Union,https://ec.europa.eu/digital-single-market/en/high-level-expert-group-artificial-intelligence,2018,AI in general,Advisory body,European Commission
123,National Strategy for AI - Discussion Document,India,http://www.niti.gov.in/writereaddata/files/document_publication/NationalStrategy-for-AI-Discussion-Paper.pdf,2018,AI in general,Strategy,National Institution for Transforming India (NITI Aayog)
124,"Pricing algorithms research, collusion and personalised pricing",United Kingdom,https://www.gov.uk/government/publications/pricing-algorithms-research-collusion-and-personalised-pricing,2018,Pricing algorithms,Research,UK Competition and Markets Authority
125,Responsible AI Practices,Global,https://ai.google/education/responsible-ai-practices,2018,AI in general,Self-regulation,Google
126,The AI Council,United Kingdom,https://www.gov.uk/government/groups/ai-council,2018,AI in general,Advisory body,UK Government
127,Towards an AI Strategy in Mexico,Mexico,https://docs.wixstatic.com/ugd/7be025_9c99aef6567442b09dbf38a1387b7d4a.pdf,2018,AI in general,Strategy,Mexican Government
128,AI - Shaping the Future of New Zealand,New Zealand,https://aiforum.org.nz/wp-content/uploads/2018/07/AI-Report-2018_web-version.pdf,2018,AI in general,Self-regulation,AI Forum New Zealand
129,AI in the Nordic-Baltic region,"Denmark, Estonia, Finland, Faroe Islands, Iceland, Latvia, Lithuania, Norway, Sweden, Aland Islands",https://www.regeringen.se/49a602/globalassets/regeringen/dokument/naringsdepartementet/20180514_nmr_deklaration-slutlig-webb.pdf,2018,AI in general,International agreement,Nordic Council of Ministers
130,Algorithms in decisionmaking,United Kingdom,https://publications.parliament.uk/pa/cm201719/cmselect/cmsctech/351/351.pdf,2018,Automated Decision Systems,Report,House of Commons Science and Technology Committee
131,An act relating to data brokers and consumer protection H.764 (Act 171),USA,https://legislature.vermont.gov/bill/status/2018/H.764,2018,Data protection,State legislation,Vermont General Assembly
132,Commission Evaluation Report on Machinery Directive,European Union,https://ec.europa.eu/docsroom/documents/29222,2018,AI in general,Report,European Commission
133,Commission Evaluation Report on Product Liability Directive,European Union,https://ec.europa.eu/docsroom/documents/29221,2018,AI in general,Report,European Commission
134,EU regulation on automated vehicles,European Union,https://eur-lex.europa.eu/legal-content/EN/TXT/?uri=CELEX:52018PC0286,2018,Autonomous mobility,Proposed regulation,European Commission
135,General Data Protection Regulation (GDPR),European Union,https://eur-lex.europa.eu/eli/reg/2016/679/oj,2018,Data protection,Regulation,"European Parliament, Council of Europe"
136,National Approach to AI,Sweden,https://www.regeringen.se/4aa638/contentassets/a6488ccebc6f418e9ada18bae40bb71f/national-approach-to-artificial-intelligence.pdf,2018,AI in general,Strategy,Swedish Government
137,National Security Commission Artificial Intelligence Act of 2018 (HR 5356 / S 2806,USA,https://scipol.duke.edu/track/hr-5356-national-security-commission-artificial-intelligence-act-2018/national-security,2018,National security,Bill,"US House, US Senate"
138,New York City Automated Decision Systems Task Force,USA,https://legistar.council.nyc.gov/LegislationDetail.aspx?ID=3137815&GUID=437A6A6D-62E1-47E2-9C42-461253F9C6D0,2018,Public services; Automated Decision Systems;,"Local law, Task force",New York City Council
139,Toronto Declaration,Global,https://www.accessnow.org/cms/assets/uploads/2018/08/The-Toronto-Declaration_ENG_08-2018.pdf,2018,AI in general,Declaration,"Amnesty International, Access Now"
140,AI Sector Deal,United Kingdom,https://assets.publishing.service.gov.uk/government/uploads/system/uploads/attachment_data/file/702810/180425_BEIS_AI_Sector_Deal__4_.pdf,2018,AI in general,Strategy,UK Government
141,Algorithmic Impact Assessment - A Practical Framework for Public Agency Accountability,USA,https://ainowinstitute.org/aiareport2018.pdf,2018,Public services,Proposal,AI Now Institute
142,Artificial Intelligence for Europe,European Union,https://ec.europa.eu/digital-single-market/en/news/communication-artificial-intelligence-europe,2018,AI in general,Strategy,European Commission
143,Axon AI and Policing Technology Ethics Board,Global,https://global.axon.com/info/ai-ethics,2018,Law enforcement,"Self-regulation, Ethics guidelines",Axon
144,Declaration of Amsterdam,European Union,https://www.regjeringen.no/contentassets/ba7ab6e2a0e14e39baa77f5b76f59d14/2016-04-08-declaration-of-amsterdam---final1400661.pdf,2018,Autonomous mobility,International agreement,EU Member States
145,Declaration of Cooperation on ‘AI for Europe’,European Union,https://ec.europa.eu/jrc/communities/sites/jrccties/files/2018aideclarationatdigitaldaydocxpdf.pdf,2018,AI in general,"Declaration, International agreement",EU Member States
146,Driverless Testing of Vehicles,USA,https://www.dmv.ca.gov/portal/dmv/detail/vr/autonomous/auto,2018,Autonomous mobility,Regulation,California Department of Motor Vehicles
147,"Ethical, Social and Political Challenges of AI in Health",Global,https://wellcome.ac.uk/sites/default/files/ai-in-health-ethical-social-political-challenges.pdf,2018,Health,Report,Wellcome Trust
148,European Commission Staff Working Document - Liability for emerging digital technologies (AI),European Union,https://eur-lex.europa.eu/legal-content/en/ALL/?uri=CELEX%3A52018SC0137,2018,AI in general,Report,European Commission
149,Maximising the benefits of Artificial Intelligence through future-proof rules on Text and Data Mining,Global,https://cdt.org/files/2018/04/OpenLetter-to-European-Commission-on-AI-and-TDM-9-April-2018-copy.pdf,2018,Data mining,Proposal,Center for Technology and Democracy
150,Open AI Charter,Global,https://blog.openai.com/openai-charter/,2018,AI in general,"Self-regulation, Ethics guidelines",Open AI
151,Policy on the Use of AI in the Healthcare Sector,United Arab Emirates,https://www.haad.ae/HAAD/LinkClick.aspx?fileticket=C5W0f0QCVto%3d&tabid=1276,2018,Health,Policy,Abu Dhabi Department of Health
152,Responsible AI in the Canadian Government,Canada,https://docs.google.com/document/d/1Sn-qBZUXEUG4dVk909eSg5qvfbpNlRhzIefWPtBwbxY/edit,2018,Public services,White paper,Government of Canada
153,The European AI Landscape,European Union,https://ec.europa.eu/digital-single-market/en/news/european-artificial-intelligence-landscape,2018,AI in general,Report,European Commission
154,AI at the Service of Citizens,Italy,https://ia.italia.it/assets/whitepaper.pdf,2018,AI in general,White paper,The Agency for Digital Italy
155,AI for Humanity - French Strategy for Artificial Intelligence,France,https://www.aiforhumanity.fr/en/,2018,AI in general,Strategy,French Government
156,Committee for Standardisation in AI,India,https://www.iitp.ac.in/index.php/latest-news/3248-ai-standardization-meeting-at-iitp-15th-november.html,2018,AI in general,Standardisation,Bureau of Indian Standards
157,Committee of experts on Human Rights Dimensions of automated data processing and different forms of AI (MSI-AUT),European Union,https://www.coe.int/en/web/freedom-expression/msi-aut#{%2232639232%22:[1]},2018,Automated Decision Systems,Advisory body,Council of Europe
158,DIN SPEC 92001 - Quality requirements and life cycle management for AI modules,Germany,https://www.din.de/en/about-standards/din-spec-en/business-plans/wdc-beuth:din21:288723757?sourceLanguage&destinationLanguage,2018,AI in general,Standardisation,German Institute for Standardization (DIN)
159,G7 Innovation Ministers' Statement on AI,"Canada, France, Germany, Italy, Japan, United Kingdom, USA",https://g7.gc.ca/en/g7-presidency/themes/preparing-jobs-future/g7-ministerial-meeting/chairs-summary/annex-b/,2018,AI in general,Statement,G7
160,Mitigating the Negative Impacts of Computing Through a Change to the Peer Review Process,Global,https://acm-fca.org/2018/03/29/negativeimpacts/,2018,AI in general,Self-regulation,Association for Computing Machinery
161,"Statement on Artificial Intelligence, Robotics and ‘Autonomous’ Systems",European Union,http://ec.europa.eu/research/ege/pdf/ege_ai_statement_2018.pdf,2018,AI in general,Ethics guidelines,European Group on Ethics in Science and New Technologies
162,Study On The Human Rights Dimensions Of Automated Data Processing Techniques (In Particular Algorithms) And Possible Regulatory Implications,European Union,https://rm.coe.int/algorithms-and-human-rights-study-on-the-human-rights-dimension-of-aut/1680796d10,2018,Automated Decision Systems,Report,"Council of Europe, Committee of Experts on Internet Intermediaries (MSI-NET)"
163,When Computers Decide: European Recommendations on Machine-Learned Automated Decision Making,"European Union, Russia, Switzerland, Norway, Serbia, Turkey",http://www.informatics-europe.org/component/phocadownload/category/10-reports.html?download=74:automated-decision-making-report,2018,Automated Decision Systems,White paper,"Informatics Europe, EUACM"
164,10 principles for public sector use of algorithmic decision making,United Kingdom,https://www.nesta.org.uk/blog/10-principles-for-public-sector-use-of-algorithmic-decision-making/,2018,Automated Decision Systems,Proposal,Nesta
165,Global Data Ethics Pledge,Global,https://github.com/Data4Democracy/ethics-resources,2018,Model and data management,Self-regulation,Data for Democracy
166,Guidelines on Automated individual decision-making and Profiling for the purposes of Regulation 2016/679 (GDPR),European Union,https://ec.europa.eu/newsroom/article29/item-detail.cfm?item_id=612053,2018,Automated Decision Systems,Guidelines,Article 29 Data Protection Working Party
167,Taskforce Distributed Ledgers and AI,Kenya,http://www.ict.go.ke/taskforce-on-distributed-ledgers-and-artificial-intelligence-presentation-schedule,2018,AI in general,Task force,"Ministry of Information, Communications and Technology"
168,"The Malicious Use of AI: Forecasting, Prevention, and Mitigation",Global,https://img1.wsimg.com/blobby/go/3d82daa4-97fe-4096-9c6b-376b92c619de/downloads/1c6q2kc4v_50335.pdf,2018,AI in general,Report,Future of Humanity Institute
169,Artificial Intelligence Job Opportunities and Background Summary Act of 2018 (AI JOBS Act of 2018),USA,https://www.congress.gov/bill/115th-congress/house-bill/4829,2018,AI in general,Bill,US House of Representatives
170,Digital Growth Strategy,Denmark,https://eng.em.dk/media/10566/digital-growth-strategy-report_uk_web-2.pdf,2018,AI in general,Strategy,"Ministry of Industry, Business and Financial Aff airs"
171,Driving Change - Technology and the Future of the automated vehicle,Canada,https://sencanada.ca/content/sen/committee/421/TRCM/Reports/COM_RPT_TRCM_AutomatedVehicles_e.pdf,2018,Autonomous mobility,Report,"Standing Senate Committee on Social Affairs, Science and Technology"
172,Legislation as code,New Zealand,https://www.digital.govt.nz/dmsdocument/95-better-rules-for-government-discovery-report/html,2018,Public services,Pilot,NZ Service Innovation Lab
173,Taiwan AI Action Plan,Taiwan,Taiwan AI Action Plan,2018,AI in general,Strategy,Government of Taiwan (Executive Yuan)
174,Unfairness by algorithm,Global,https://fpf.org/wp-content/uploads/2017/12/FPF-Automated-Decision-Making-Harms-and-Mitigation-Charts.pdf,2017,Automated Decision Systems,Report,Future of Privacy Forum
175,Ethically Aligned Design - Global Initiative on Ethics of Autonomous and Intelligent Systems,Global,https://ethicsinaction.ieee.org,2017,AI in general,Standardisation,IEEE
176,Finland's Age of Artificial Intelligence,Finland,http://julkaisut.valtioneuvosto.fi/bitstream/handle/10024/160391/TEMrap_47_2017_verkkojulkaisu.pdf?sequence=1&isAllowed=y,2017,AI in general,Strategy,Department of Enterprise and Innovation at the Finnish Ministry of Economic Affairs and Employment
177,FUTURE of AI Act of 2017 (HR 4625 / S 2217),USA,https://www.congress.gov/bill/115th-congress/house-bill/4625/text,2017,AI in general,Proposed law,"US Senate, US House of Representatives"
178,Government AI Readiness Index,Global,https://www.oxfordinsights.com/government-ai-readiness-index/,2017,AI in general,Research,Oxford Insights
179,Three-Year Action Plan for Promoting Development of a New Generation Artificial Intelligence Industry (2018–2020),China,https://www.newamerica.org/cybersecurity-initiative/digichina/blog/translation-chinese-government-outlines-ai-ambitions-through-2020,2017,AI in general,Action plan,Ministry of Industry and Information Technology
180,Top 10 Principles for Ethical AI,Switzerland,http://www.thefutureworldofwork.org/media/35420/uni_ethical_ai.pdf,2017,AI in general,Ethics guidelines,UNI Global Union
181,American Vision for Safer Transportation through Advancement of Revolutionary Technologies (AV START) Act,USA,https://www.congress.gov/bill/115th-congress/senate-bill/1885,2017,Autonomous mobility,Bill,US Senate
182,Draft Bill Governing the Experimental Use of Self-Driving Vehicles,Netherlands,https://www.government.nl/latest/news/2017/11/22/new-legislation-allows-for-the-testing-of-cars-with-remote-drivers,2017,Autonomous mobility,Legislation,Ministry of Infrastructure and Water Management
183,Group of Governmental Experts on Lethal Autonomous Weapons Systems (LAWS),Global,,2017,Lethal autonomous weapon systems,Report,United Nations
184,AI Policy Principles,Global,https://www.itic.org/dotAsset/50ed66d5-404d-40bb-a8ae-9eeeef55aa76.pdf,2017,AI in general,"Self-regulation, Policy principles",The Information Technology Industry Council (ITI)
185,An Act relative to criminal justice reform (S.2185),USA,https://malegislature.gov/Bills/190/S2185/BillHistory,2017,Justice system,Bill,Massachusetts Senate
186,Austrian Council on Robotics and AI,Austria,https://www.acrai.at/en/,2017,AI in general,Advisory body,"Federal Ministry on Transport, Innovation and Technology"
187,Catalonia Living Lab for Connected and Automated Driving,Spain,http://catalonialivinglab.com/,2017,Autonomous mobility,Test environment,Catalan Government
188,DeepMind Ethics & Society,Global,https://deepmind.com/applied/deepmind-ethics-society/,2017,AI in general,Self-regulation,DeepMind
189,IBM AI Ethical Principles,Global,https://www.ibm.com/watson/ai-ethics/,2017,AI in general,Self-regulation,IBM
190,"Integrating Robotics, Artificial Intelligence and 3D Printing Technologies into Canada’s Healthcare Systems",Canada,https://sencanada.ca/content/sen/committee/421/SOCI/reports/RoboticsAI3DFinal_Web_e.pdf,2017,Health,Report,"Standing Senate Committee on Social Affairs, Science and Technology"
191,ISO AI Committee,Global,https://www.iso.org/committee/6794475.html,2017,AI in general,Standardisation,ISO
192,ITI AI Policy Principles,Global,https://www.itic.org/dotAsset/50ed66d5-404d-40bb-a8ae-9eeeef55aa76.pdf,2017,AI in general,"Self-regulation, Policy principles",The Information Technology Industry Council (ITI)
193,NIST AI Standards Programme,USA,https://www.nist.gov/topics/artificial-intelligence,2017,AI in general,Standardisation,National Institute of Standards and Technology
194,Responsible AI and Robotics,United Kingdom,https://www.accenture.com/gb-en/company-responsible-ai-robotics,2017,AI in general,Ethics guidelines,Accenture
195,UAE Strategy for Artificial Intelligence,United Arab Emirates,https://government.ae/en/about-the-uae/strategies-initiatives-and-awards/federal-governments-strategies-and-plans/uae-strategy-for-artificial-intelligence,2017,AI in general,Strategy,UAE Government
196,Automated Driving Systems - A Vision for Safety 2.0,USA,https://www.nhtsa.gov/sites/nhtsa.dot.gov/files/documents/13069a-ads2.0_090617_v9a_tag.pdf,2017,Autonomous mobility,Regulation,US National Highway Traffic Safety Administration
197,COMEST Robot Ethics Guidelines,Global,http://unesdoc.unesco.org/images/0025/002539/253952E.pdf,2017,Robotics,Ethics guidelines,UNESCO
198,Data Broker Accountability and Transparency Act of 2018 (H.R. 6548),USA,https://www.congress.gov/bill/115th-congress/house-bill/6548/text,2017,Data protection,Proposed law,US House of Representatives
199,Ethical guidelines for applying predictive tools within human services,USA,https://metrolabnetwork.org/wp-content/uploads/2017/09/Ethical-Guidelines-for-Applying-Predictive-Tools-within-Human-Services_Sept-2017.pdf,2017,Public services,Ethics guidelines,Metrolab Network
200,Ethical Principles for Artificial Intelligence and Data Analytics,Global,http://www.siia.net/Portals/0/pdf/Policy/Ethical%20Principles%20for%20Artificial%20Intelligence%20and%20Data%20Analytics%20SIIA%20Issue%20Brief.pdf?ver=2017-11-06-160346-990,2017,Model and data management,Self-regulation,Software and Information Industry Association
201,SELF-DRIVE Act,USA,https://www.congress.gov/bill/115th-congress/house-bill/3388/,2017,Autonomous mobility,Bill,US House of Representatives
202,Data Ethics Canvas,United Kingdom,https://theodi.org/article/data-ethics-canvas/,2017,Model and data management,Resource,Open Data Institute
203,Task Force on Artificial Intelligence,India,http://dipp.nic.in/sites/default/files/Report_of_Task_Force_on_ArtificialIntelligence_20March2018_2.pdf,2017,AI in general,Task force,The Ministry of Commerce and Industry
204,AI and National Security,USA,https://www.belfercenter.org/sites/default/files/files/publication/AI%20NatSec%20-%20final.pdf,2017,National security,Research,Belfer Centre at Harvard
205,Algorithmic Accountability in Low and Middle Income Countries,Global,https://webfoundation.org/docs/2017/07/Algorithms_Report_WF.pdf,2017,Automated Decision Systems,White paper,World Wide Web Foundation
206,Draft AI R&D Guidelines for International Discussion,Japan,http://www.soumu.go.jp/main_content/000507517.pdf,2017,AI in general,Guidelines,Ministry of Internal Affairs and Communications
207,Mid-to Long-term Master Plan in Preparation for the Intelligent Information Society,South Korea,http://english.msit.go.kr/cms/english/pl/policies2/__icsFiles/afieldfile/2017/07/20/Master%20Plan%20for%20the%20intelligent%20information%20society.pdf,2017,AI in general,Strategy,Government of the Republic of Korea
208,Narrative Analysis of AI,USA,https://www.oodaloop.com/wp-content/uploads/2017/07/OCIA-NetAssessment-Artificial_Intelligence_Narrative_Analysis.pdf,2017,AI in general,Research,Department of Homeland Security
209,New Generation of Artificial Intelligence Development Plan,China,https://www.newamerica.org/cybersecurity-initiative/blog/chinas-plan-lead-ai-purpose-prospects-and-problems/,2017,AI in general,Strategy,Chinese State Council
210,Open Government Data Act,USA,https://www.congress.gov/bill/115th-congress/senate-bill/760,2017,Public services,Bill,US Senate
211,Software Pre-Certification Pilot,USA,https://www.fda.gov/MedicalDevices/DigitalHealth/DigitalHealthPreCertProgram/default.htm,2017,Health,"Pilot, Regulation",Food and Drug Administration
212,AI Select Committee,United Kingdom,https://www.parliament.uk/ai-committee,2017,AI in general,Select Committee,House of Lords
213,City of Espoo's AI Experiment,Finland,https://www.computerweekly.com/news/252451496/Finnish-city-Espoo-trials-artificial-intelligence-for-community-support,2017,Public services,Pilot,City of Espoo
214,Ethics Commission: Automated and Connected Driving,Germany,https://www.bmvi.de/SharedDocs/EN/publications/report-ethics-commission.pdf?__blob=publicationFile,2017,Autonomous mobility,Ethics guidelines,Federal Ministry of Transport and Digital Infrastructure
215,AI Caucus,USA,https://artificialintelligencecaucus-olson.house.gov/,2017,AI in general,Caucus,US Congress
216,Congressional AI Caucus,USA,https://artificialintelligencecaucus-olson.house.gov/,2017,AI in general,Caucus,US Congress
217,European Economic and Social Committee Opinion on AI,European Union,https://www.eesc.europa.eu/en/our-work/opinions-information-reports/opinions/artificial-intelligence,2017,AI in general,"Opinion, Ethics guidelines",European Economic and Social Committee
218,Explainable Artificial Intelligence (XAI),USA,https://www.darpa.mil/program/explainable-artificial-intelligence,2017,AI in general,Research,DARPA
219,Guidelines for Trials of Automated Vehicles,Australia,https://www.ntc.gov.au/codes-and-guidelines/automated-vehicle-trial-guidelines,2017,Autonomous mobility,Regulation,National Transport Commission
220,AI & Machine Learning Policy Paper,Global,https://www.internetsociety.org/wp-content/uploads/2017/08/ISOC-AI-Policy-Paper_2017-04-27_0.pdf,2017,AI in general,Policy paper,The Internet Society
221,AI Technology Strategy,Japan,http://www.nedo.go.jp/content/100865202.pdf,2017,AI in general,Strategy,Strategic Council for AI Technology
222,Innovation Corps Act of 2017 (H.R.1576),USA,https://www.congress.gov/bill/115th-congress/house-bill/1576?q=%7B%22search%22%3A%5B%22%5C%22Artificial+Intelligence%5C%22%22%5D%7D&r=5,2017,AI in general,Bill,US House of Representatives
223,"Microsoft's Fairness, Accountability, Transparency and Ethics in AI Group",Global,https://www.microsoft.com/en-us/research/group/fate/,2017,AI in general,Research,Microsoft
224,Pan-Canadian AI Strategy,Canada,https://www.cifar.ca/ai/pan-canadian-artificial-intelligence-strategy,2017,AI in general,Strategy,Canadian Institute for Advanced Research
225,"Toward a Controlled, Useful and Demystified Artificial Intelligence",France,http://www.senat.fr/rap/r16-464-1/r16-464-1-syn-en.pdf,2017,AI in general,Report,Parliamentary Office for Scientific and Technological Assessment
226,Code of Practice for the testing of autonomous vehicles,Isle of Man,https://www.gov.im/media/1355386/isle-of-man-code-of-practice-for-testing-of-autonomous-vehicles-final.pdf,2017,Autonomous mobility,Code of practice,Department of Infrastructure
227,Ethical Guidelines,Japan,http://ai-elsi.org/wp-content/uploads/2017/05/JSAI-Ethical-Guidelines-1.pdf,2017,AI in general,Ethics guidelines,The Japanese Society for Artificial Intelligence
228,Resolution on Civil Law Rules on Robotics,European Union,https://oeil.secure.europarl.europa.eu/oeil/popups/printsummary.pdf?id=1477231&l=en&t=D,2017,Robotics,Resolution,European Parliament
229,Vehicle Technology and Aviation Bill,United Kingdom,https://publications.parliament.uk/pa/bills/cbill/2016-2017/0143/cbill_2016-20170143_en_2.htm,2017,Autonomous mobility,Bill,Parliament
230,All-Party Parliamentary Group on AI,United Kingdom,https://www.appg-ai.org/,2017,AI in general,Advisory body,UK Parliament
231,Asilomar AI Principles,Global,https://futureoflife.org/ai-principles/,2017,AI in general,Ethics guidelines,Future of Life Institute
232,Statement on Algorithmic Transparency and Accountability,Global,https://www.acm.org/binaries/content/assets/public-policy/2017_usacm_statement_algorithms.pdf,2017,Automated Decision Systems,Self-regulation,Association for Computing Machinery
233,NHTSA Action on AVs,USA,All NHTSA Action on AVs,2016,Autonomous mobility,Regulation,US National Highway Traffic Safety Administration
234,Regulation on Autonomous Driving,Austria,http://www.austriatech.at/files/get/a8d601dc11a94cd3d431b68c4f846dbe/bgbla_2016_ii_402.pdf,2016,Autonomous mobility,Regulation,"Federal Ministry for Transport, Innovation and Technology"
235,Artificial Intelligence for Citizen Services,USA,https://www.gsa.gov/technology/government-it-initiatives/emerging-citizen-technology/artificial-intelligence-for-citizen-services,2016,Public services,Government community,US General Services Administration
236,Civil Law Rules on Robotics,European Union,,2016,Robotics,Report,European Parliament
237,National AI R&D Strategic Plan,USA,,2016,AI in general,Strategy,National Science and Technology Council
238,Federal Automated Vehicles Policy,USA,https://www.transportation.gov/sites/dot.gov/files/docs/AV%20policy%20guidance%20PDF.pdf,2016,Autonomous mobility,Regulation,US National Highway Traffic Safety Administration
239,Partnership on AI's Basic Tenets,Global,https://www.partnershiponai.org/tenets/,2016,AI in general,Ethics guidelines,Partnership on AI
240,Principles for Accountable Algorithms and a Social Impact Statement for Algorithms,Global,http://www.fatml.org/resources/principles-for-accountable-algorithms,2016,Automated Decision Systems,Proposal,FAT/ML
241,Automated Driving Action Plan 2016-2018,Austria,https://www.bmvit.gv.at/en/service/publications/downloads/action_automated_driving_2016-2018.pdf,2016,Autonomous mobility,Action plan,"Federal Ministry for Transport, Innovation and Technology"
242,AV Code of Practice,Austria,http://www.austriatech.at/files/get/ff2b99d60657b228a4c176ed11d6dfa3/codeofpractice_20160607_endfassung.pdf,2016,Autonomous mobility,Self-regulation,"Federal Ministry for Transport, Innovation and Technology"
243,Ethical Aspects of Cyber-Physical Systems,European Union,,2016,Robotics,Report,Science and Technology Options Assessment Agency
244,Legal and ethical reflections concerning robotics,European Union,,2016,Robotics,Policy briefing,Science and Technology Options Assessment Agency
245,Guide to the ethical design and application of robots and robotic systems,United Kingdom,https://www.bsigroup.com/en-GB/about-bsi/media-centre/press-releases/2016/april/-Standard--highlighting-the-ethical-hazards-of-robots-is-published/,2016,Robotics,Standardisation,British Standards Institute
246,Police Directive,European Union,https://eur-lex.europa.eu/legal-content/EN/TXT/?uri=uriserv%3AOJ.L_.2016.119.01.0089.01.ENG,2016,Law enforcement,Directive,European Parliament and Council
247,Machine Intelligence Commission Proposal,United Kingdom,https://media.nesta.org.uk/documents/a_machine_intelligence_commission_for_the_uk_-_geoff_mulgan.pdf,2016,AI in general,Proposal,Nesta
248,Society 5.0,Japan,https://www.gov-online.go.jp/cam/s5/eng/,2016,AI in general,Strategy,Japanese Cabinet
249,Stanford 100 Year Study,Global,https://ai100.stanford.edu/,2014,AI in general,Research,Stanford University
250,Singapore Autonomous Vehicle Initiative,Singapore,https://www.lta.gov.sg/content/ltaweb/en/roads-and-motoring/managing-traffic-and-congestion/intelligent-transport-systems/savi.html,2014,Autonomous mobility,Partnership,Land Transport Authority
251,Supervisory Guidance on Model Risk Management (SR-11-7),USA,https://www.federalreserve.gov/supervisionreg/srletters/sr1107a1.pdf,2011,Finance,Regulation,US Federal Reserve
252,State-level AV laws,USA,http://www.ncsl.org/research/transportation/autonomous-vehicles-self-driving-vehicles-enacted-legislation.aspx,2011,Autonomous mobility,Legislation,US States
253,Principles of Robotics,United Kingdom,https://epsrc.ukri.org/research/ourportfolio/themes/engineering/activities/principlesofrobotics/,2010,Robotics,Ethics guidelines,UK Engineering and Physical Sciences Research Council
254,Communications Decency Act of 1996,USA,https://www.nhtsa.gov/sites/nhtsa.dot.gov/files/documents/13069a-ads2.0_090617_v9a_tag.pdf,1996,Intermediaries,Legislation,US Senate
255,Equal Credit Opportunity Act,USA,http://uscode.house.gov/view.xhtml?path=/prelim@title15/chapter41/subchapter4&edition=prelim,1974,Finance,Federal law,US House of Representatives
